{"A": {"nrows": 3, "ncols": 4, "data": [0.9945142913301743, 0.5046445808161456, 0.2764206155637188, 0.30665090321033883, 0.43128342791217733, 0.05333885309931963, 0.7548846111416841, 0.951928212236979, 0.32147318319746665, 0.07706779926308016, 0.7294004119258024, 0.14189082628274274]}, "B": {"nrows": 4, "ncols": 3, "data": [0.9336735464543687, 0.37056441153703956, 0.6405432048516401, 0.17246422299254838, 0.7399259849037465, 0.16935794572225182, 0.12410645119969443, 0.8483754292410915, 0.2308790946815229, 0.7560743780757406, 0.1257205275380524, 0.11713186901243733]}, "C": {"nrows": 3, "ncols": 3, "data": [1.2817412934708232, 1.0149920133202477, 0.8222332758663166, 1.2252915527147286, 0.9593875661087123, 0.57107723397674, 0.5112457600276907, 0.8127949653198652, 0.4039927516476697]}, "Ct": {"nrows": 3, "ncols": 3, "data": [1.2817412934708232, 1.2252915527147286, 0.5112457600276907, 1.0149920133202477, 0.9593875661087123, 0.8127949653198652, 0.8222332758663166, 0.57107723397674, 0.4039927516476697]}, "Cinv": {"nrows": 3, "ncols": 3, "data": [-0.6879060283127387, 2.3197943940819528, -1.8791489097838738, -1.8238755877146247, 0.8753509843685094, 2.4746933608827053, 4.539997135731327, -4.696782091644393, -0.12552549926074555]}, "D_det": 33.80415443202358, "D_norm": 8.087871269303998}