{"A": {"nrows": 3, "ncols": 4, "data": [0.9945142913301743, 0.5046445808161456, 0.2764206155637188, 0.30665090321033883, 0.43128342791217733, 0.05333885309931963, 0.7548846111416841, 0.951928212236979, 0.32147318319746665, 0.07706779926308016, 0.7294004119258024, 0.14189082628274274]}, "B": {"nrows": 4, "ncols": 3, "data": [0.9336735464543687, 0.37056441153703956, 0.6405432048516401, 0.17246422299254838, 0.7399259849037465, 0.16935794572225182, 0.12410645119969443, 0.8483754292410915, 0.2308790946815229, 0.7560743780757406, 0.1257205275380524, 0.11713186901243733]}}